gender,total_patients,noshow_number,noshow_rate,confidence_weight
F,71834,14591,0.2031210847231116,0.6499579265478959
M,38687,7725,0.19967947889471915,0.35004207345210414
