sms_received,total_patients,noshow_number,noshow_rate,confidence_weight
0,75040,12532,0.1670042643923241,0.6789659883642023
1,35481,9784,0.27575322003325725,0.3210340116357977
